Player Name,Team,Position,Games,Goals,Assists,Points,+/-,Penalty Minutes,Shots,Game Winning Goals,PP Goals,PP Assists,SH Goals,SH Assists,Hits,Blocked Shots
Auston Matthews,TOR,C,81,69,38,107,31,20,369,8,18,11,0,1,89,93
Sam Reinhart,FLA,RW,82,57,37,94,29,31,233,11,27,7,5,0,78,66
Zach Hyman,EDM,RW,80,54,23,77,36,48,290,7,15,5,0,0,87,37
Nathan MacKinnon,COL,C,82,51,89,140,35,42,405,9,10,38,0,0,55,69
Artemi Panarin,NYR,LW,82,49,71,120,18,24,303,5,11,33,0,1,18,15
Filip Forsberg,NSH,RW,82,48,46,94,16,43,347,11,13,19,0,0,141,44
David Pastrnak,BOS,RW,82,47,63,110,21,47,382,5,12,23,0,0,70,19
Brayden Point,TBL,C,81,46,44,90,-16,14,227,12,15,17,0,0,16,44
Kirill Kaprizov,MIN,LW,75,46,50,96,11,36,277,8,19,22,0,0,54,38
Nikita Kucherov,TBL,RW,81,44,100,144,8,22,306,6,13,40,0,0,45,35
Jonathan Marchessault,NSH,LW,82,42,27,69,-2,40,266,5,8,9,0,0,107,23
Sidney Crosby,PIT,C,82,42,52,94,7,40,278,3,10,13,0,0,100,37
Mikko Rantanen,COL,RW,80,42,62,104,19,50,271,9,14,26,0,0,53,49
Leon Draisaitl,EDM,C,81,41,65,106,26,76,217,7,21,18,0,2,58,26
William Nylander,TOR,C,82,40,58,98,1,24,316,7,11,24,3,1,32,29
Steven Stamkos,NSH,C,79,40,41,81,-21,34,262,6,19,20,0,0,78,43
Brock Boeser,VAN,RW,81,40,33,73,23,14,204,4,16,9,0,0,56,29
Chris Kreider,NYR,LW,82,39,36,75,19,26,246,7,18,11,2,3,97,20
J.T. Miller,VAN,C,81,37,66,103,32,58,194,9,10,30,2,0,216,61
Frank Vatrano,ANA,LW,82,37,23,60,-20,85,272,7,13,7,3,1,156,78
Brady Tkachuk,OTT,LW,81,37,37,74,1,134,357,2,12,10,0,0,293,34
Sebastian Aho,CAR,C,78,36,53,89,34,36,216,10,11,21,1,1,47,18
Kyle Connor,WPG,LW,65,34,27,61,-6,6,221,10,5,14,0,0,14,19
Elias Pettersson,VAN,C,82,34,55,89,20,12,207,10,13,18,0,2,125,68
Carter Verhaeghe,FLA,C,76,34,38,72,17,36,246,7,8,13,0,0,63,20
Brock Nelson,NYI,C,82,34,35,69,-5,28,250,2,9,10,1,1,38,47
Tyler Toffoli,SJS,RW,79,33,22,55,-6,14,229,4,11,7,0,0,75,11
Bo Horvat,NYI,C,81,33,35,68,-1,39,248,6,10,8,1,1,60,42
Dylan Larkin,DET,C,68,33,36,69,5,39,221,5,14,12,2,0,44,34
Nick Suzuki,MTL,C,82,33,44,77,-14,36,185,1,12,19,0,0,68,48
Travis Konecny,PHI,RW,76,33,35,68,4,67,244,5,4,5,6,1,90,32
Clayton Keller,UTA,RW,78,33,43,76,-20,32,228,4,9,21,0,0,20,30
Seth Jarvis,CAR,RW,81,33,34,67,23,14,176,9,13,7,2,1,115,52
Wyatt Johnston,DAL,C,82,32,33,65,14,38,216,3,3,7,3,0,52,42
Connor McDavid,EDM,C,76,32,100,132,35,30,263,5,7,37,1,0,118,39
Jack Eichel,VGK,C,63,31,37,68,4,27,278,7,11,11,0,2,26,61
Trevor Moore,LAK,LW,82,31,26,57,11,28,244,5,2,5,2,0,91,58
Jordan Kyrou,STL,RW,82,31,36,67,-12,22,251,4,8,13,0,0,26,32
Alex Ovechkin,WSH,LW,79,31,34,65,-22,20,272,5,13,15,0,0,161,27
Lucas Raymond,DET,RW,82,31,41,72,-12,30,163,4,6,10,0,0,68,27
Yegor Sharangovich,CGY,LW,82,31,28,59,-29,8,179,4,6,11,3,4,13,44
Kyle Palmieri,NYI,RW,82,30,24,54,-16,26,218,8,10,10,0,0,90,42
Jake Guentzel,TBL,LW,67,30,47,77,25,22,238,2,5,17,0,0,48,28
William Karlsson,VGK,C,70,30,30,60,15,22,175,2,7,8,1,1,43,46
Blake Coleman,CGY,C,78,30,24,54,19,76,191,7,3,0,4,2,127,57
Roope Hintz,DAL,C,80,30,35,65,26,22,182,6,8,11,3,1,36,38
Joel Eriksson Ek,MIN,C,77,30,34,64,18,60,267,5,12,9,1,0,166,55
Tage Thompson,BUF,C,71,29,27,56,-1,43,246,3,9,7,2,0,79,29
Jason Robertson,DAL,LW,82,29,51,80,19,22,231,4,9,19,0,0,77,31
Jared McCann,SEA,LW,80,29,33,62,-10,31,216,3,9,14,2,0,45,27
Kevin Fiala,LAK,LW,82,29,44,73,1,62,225,2,11,19,0,0,67,28
Nazem Kadri,CGY,C,82,29,46,75,0,43,277,4,10,12,0,0,57,24
Brad Marchand,BOS,LW,82,29,38,67,2,78,207,6,7,19,3,1,115,35
John Tavares,TOR,C,80,29,36,65,2,30,279,6,9,11,0,0,134,37
Matt Boldy,MIN,LW,75,29,40,69,5,48,227,7,10,15,0,0,33,32
Alexis Lafreniere,NYR,LW,82,28,29,57,2,40,217,5,2,4,0,0,73,21
Cole Caufield,MTL,RW,82,28,37,65,-4,16,314,7,9,12,0,0,56,22
John-Jason Peterka,BUF,RW,82,28,22,50,10,28,226,5,3,4,0,0,27,18
Valeri Nichushkin,COL,LW,54,28,25,53,5,22,158,6,16,5,0,2,74,24
Drake Batherson,OTT,RW,82,28,38,66,-9,42,196,4,7,15,0,0,98,33
Owen Tippett,PHI,RW,78,28,25,53,-5,12,289,4,5,3,0,0,148,47
Bryan Rust,PIT,RW,62,28,28,56,10,20,196,3,3,6,1,0,47,51
Timo Meier,NJD,LW,69,28,24,52,-28,45,207,4,10,7,0,0,111,42
Adrian Kempe,LAK,C,77,28,47,75,13,72,246,4,5,22,3,1,113,32
Dylan Strome,WSH,C,82,27,40,67,-13,22,169,5,6,16,0,0,12,61
Nico Hischier,NJD,C,71,27,40,67,-5,12,182,4,6,11,1,0,44,42
Alex DeBrincat,DET,RW,82,27,40,67,1,34,237,1,11,8,0,0,65,35
Jesper Bratt,NJD,LW,82,27,56,83,-6,12,248,7,7,20,0,1,66,33
Pavel Buchnevich,STL,LW,80,27,36,63,3,48,207,5,8,10,2,1,42,28
Evgeni Malkin,PIT,C,82,27,40,67,5,70,199,2,6,12,0,0,29,42
Joe Pavelski,FA,RW,82,27,40,67,12,20,194,4,11,10,0,0,75,70
Jake Neighbours,STL,LW,77,27,11,38,-16,21,145,4,8,6,0,0,138,45
Jack Hughes,NJD,C,62,27,47,74,-12,12,274,4,9,22,0,0,10,24
Brandon Hagel,TBL,LW,82,26,49,75,1,79,184,3,2,5,0,2,55,45
Anze Kopitar,LAK,C,81,26,44,70,11,22,133,6,9,14,1,2,37,65
Mika Zibanejad,NYR,C,81,26,46,72,15,30,221,3,12,19,2,4,49,55
Brandon Saad,STL,LW,82,26,16,42,-4,20,144,7,5,0,0,0,17,16
Ryan O'Reilly,NSH,C,82,26,43,69,6,18,180,1,14,14,0,0,25,56
Sean Monahan,CBJ,C,83,26,33,59,-1,12,171,5,9,12,2,0,29,44
Robert Thomas,STL,C,82,26,60,86,9,48,170,3,8,19,1,2,16,47
Mitch Marner,TOR,RW,69,26,59,85,21,18,158,2,8,19,1,0,59,51
Matthew Tkachuk,FLA,LW,80,26,62,88,19,88,280,2,6,26,1,0,151,28
Vincent Trocheck,NYR,C,82,25,52,77,16,55,215,5,11,13,1,0,175,86
Mark Scheifele,WPG,C,74,25,47,72,19,57,154,4,6,12,0,0,63,40
Teuvo Teravainen,CHI,LW,76,25,28,53,15,10,142,4,9,8,1,3,16,26
Nikolaj Ehlers,WPG,LW,82,25,36,61,27,29,233,7,0,7,0,0,30,39
Tyler Seguin,DAL,C,68,25,27,52,10,26,154,3,3,5,0,2,61,22
Charlie Coyle,BOS,C,82,25,35,60,-2,38,147,5,7,4,1,4,131,60
Matt Duchene,DAL,C,80,25,40,65,15,20,172,7,6,10,0,0,29,48
Evander Kane,EDM,LW,77,24,20,44,-4,85,220,3,2,5,1,0,249,29
Adam Henrique,EDM,C,82,24,27,51,9,37,140,4,5,5,2,3,99,78
Jeff Skinner,EDM,LW,74,24,22,46,-2,34,211,3,8,4,0,0,26,13
Anthony Duclair,NYI,LW,73,24,18,42,-8,34,129,1,5,7,0,0,49,35
Nick Paul,TBL,LW,82,24,22,46,-16,27,153,2,9,5,0,0,104,42
Fabian Zetterlund,SJS,LW,82,24,20,44,-34,33,204,0,6,10,1,0,120,71
Martin Necas,CAR,C,77,24,29,53,-9,42,231,3,8,5,0,0,77,31
Nils Hoglander,VAN,LW,80,24,12,36,23,51,120,5,0,0,0,0,100,19
Kirill Marchenko,CBJ,LW,78,23,19,42,-5,14,193,1,9,4,0,0,55,39
Lawson Crouse,UTA,LW,81,23,19,42,-7,36,171,2,7,3,0,1,175,57
Mathew Barzal,NYI,C,80,23,57,80,-4,34,240,4,5,20,0,0,54,52
Anthony Mantha,CGY,RW,74,23,21,44,11,25,113,0,3,5,0,0,55,31
Aleksander Barkov,FLA,C,73,23,57,80,33,24,193,4,5,24,0,2,104,50
Vladimir Tarasenko,DET,RW,76,23,32,55,13,12,155,5,3,6,0,0,85,39
Gustav Nyquist,NSH,RW,81,23,52,75,7,8,153,4,5,19,1,1,35,38
Roman Josi,NSH,D,82,23,62,85,12,45,268,5,9,24,0,1,46,151
Nick Bjugstad,UTA,C,76,22,23,45,11,59,165,2,2,4,1,0,118,48
Boone Jenner,CBJ,LW,58,22,13,35,-8,28,155,1,5,3,1,0,119,74
Jason Dickinson,CHI,C,82,22,13,35,4,43,126,4,2,0,0,0,142,73
Alex Tuch,BUF,RW,75,22,37,59,9,54,192,7,2,9,1,0,72,82
Nick Schmaltz,UTA,RW,79,22,39,61,-16,10,158,3,10,11,1,0,16,41
Gabriel Vilardi,WPG,C,47,22,14,36,11,14,117,5,9,5,0,0,14,24
Mason Marchment,DAL,LW,81,22,31,53,22,54,150,3,6,5,0,0,107,34
Joel Farabee,PHI,LW,82,22,28,50,-13,37,182,2,2,5,0,0,67,50
Andrei Kuzmenko,CGY,LW,72,22,24,46,-9,12,121,4,8,11,0,0,14,17
Connor Bedard,CHI,C,68,22,39,61,-44,28,206,2,4,17,0,0,54,27
Marco Rossi,MIN,C,82,21,19,40,-4,47,167,2,2,4,0,0,34,37
Cale Makar,COL,D,77,21,69,90,15,16,231,1,7,32,1,3,37,148
Michael Carcone,UTA,C,74,21,8,29,-2,35,111,4,1,1,1,0,56,22
Tyler Bertuzzi,CHI,LW,80,21,22,43,2,53,160,2,5,1,0,0,98,44
Pavel Zacha,BOS,C,78,21,38,59,12,18,148,6,6,9,0,0,105,34
Ryan Hartman,MIN,RW,74,21,24,45,4,72,173,3,5,5,0,0,75,65
Jamie Benn,DAL,C,82,21,39,60,8,41,164,3,7,15,1,2,110,50
Claude Giroux,OTT,C,82,21,43,64,-14,26,183,2,3,16,2,1,40,30
Patrick Kane,DET,RW,50,20,27,47,-5,16,147,7,2,13,0,0,14,13
Brayden Schenn,STL,C,82,20,26,46,-22,56,170,3,4,8,1,0,168,51
Anders Lee,NYI,LW,81,20,17,37,2,68,185,2,5,0,0,0,176,54
Oliver Bjorkstrand,SEA,RW,82,20,39,59,-20,12,186,3,8,17,0,0,67,29
Sam Bennett,FLA,LW,69,20,21,41,17,100,171,2,5,7,0,0,173,43
MacKenzie Weegar,CGY,D,82,20,32,52,2,51,208,2,3,12,0,2,191,200
Warren Foegele,LAK,LW,82,20,21,41,3,47,201,2,1,0,1,1,89,32
Conor Garland,VAN,RW,82,20,27,47,19,35,200,3,1,4,0,0,53,34
Anthony Cirelli,TBL,C,79,20,25,45,2,38,129,3,3,4,2,0,64,75
Rasmus Dahlin,BUF,D,81,20,39,59,-3,66,235,2,6,14,0,0,194,154
Troy Terry,ANA,RW,76,20,34,54,-10,24,172,5,4,9,0,0,17,30
Dawson Mercer,NJD,C,82,20,13,33,-26,29,134,2,4,1,0,0,30,43
Tyson Foerster,PHI,RW,77,20,13,33,0,32,167,2,4,4,1,0,102,49
Juraj Slafkovsky,MTL,LW,82,20,30,50,-19,55,152,2,6,8,0,0,152,71
Logan Cooley,UTA,C,82,20,24,44,-13,18,151,2,3,10,1,0,50,27
Quinton Byfield,LAK,C,80,20,35,55,19,42,161,4,6,8,0,0,66,19
Mason McTavish,ANA,C,64,19,23,42,-23,86,130,3,4,4,1,1,67,33
Cole Perfetti,WPG,LW,71,19,19,38,13,12,142,3,5,6,0,0,26,23
Andrei Svechnikov,CAR,RW,59,19,33,52,13,58,144,8,5,12,0,0,142,22
Michael Bunting,PIT,LW,81,19,36,55,-19,57,168,3,7,14,0,0,49,21
Jake DeBrusk,VAN,LW,80,19,21,40,4,18,183,3,2,8,2,0,107,48
Ivan Barbashev,VGK,LW,82,19,26,45,15,42,122,3,3,2,0,0,180,44
J.T. Compher,DET,C,77,19,29,48,-5,34,108,0,5,5,2,0,51,59
Jonathan Drouin,COL,C,79,19,37,56,12,28,127,2,5,14,0,0,41,33
Tom Wilson,WSH,RW,74,18,17,35,-19,133,169,3,5,5,2,0,228,74
Alex Killorn,ANA,C,63,18,18,36,-15,54,145,5,5,2,0,0,72,25
Robby Fabbri,ANA,LW,68,18,14,32,-13,32,97,3,5,7,0,0,77,29
Ryan Nugent-Hopkins,EDM,LW,80,18,49,67,10,36,183,3,4,22,0,3,62,33
Nino Niederreiter,WPG,RW,77,18,16,34,12,34,170,3,3,1,0,0,115,42
Daniel Sprong,SEA,RW,76,18,25,43,-5,22,160,1,3,9,0,0,31,15
Thomas Novak,NSH,C,71,18,27,45,-3,8,113,1,6,6,0,0,5,31
Casey Mittelstadt,COL,C,80,18,39,57,10,32,127,1,3,6,0,0,24,31
Trent Frederic,BOS,C,82,18,22,40,9,69,123,1,2,0,0,0,204,52
Dmitri Voronkov,CBJ,C,75,18,16,34,-6,52,142,2,6,2,0,0,83,48
Tim Stutzle,OTT,C,75,18,52,70,-17,28,192,2,1,19,0,0,100,41
Dylan Guenther,UTA,RW,45,18,17,35,-1,14,121,4,9,4,1,1,32,24
Dylan Cozens,BUF,C,79,18,29,47,-4,42,200,1,2,8,3,0,107,27
Connor McMichael,WSH,C,80,18,15,33,-20,34,135,3,2,4,1,1,45,39
Dakota Joshua,VAN,LW,63,18,14,32,19,60,84,5,1,0,0,0,241,40
Evan Bouchard,EDM,D,81,18,64,82,34,32,220,7,8,27,0,0,71,105
Philipp Kurashev,CHI,LW,75,18,36,54,-44,23,128,3,6,13,0,0,27,48
Quinn Hughes,VAN,D,82,17,75,92,38,38,199,2,5,33,0,0,29,55
Ross Colton,COL,LW,80,17,23,40,-8,61,146,2,3,2,0,0,141,46
Matias Maccelli,UTA,LW,82,17,40,57,-4,8,149,2,2,10,0,1,25,20
Adam Fox,NYR,D,72,17,56,73,21,36,137,5,6,27,1,1,44,123
Morgan Geekie,BOS,C,76,17,22,39,6,28,130,1,4,8,0,0,137,50
Danton Heinen,VAN,LW,74,17,19,36,16,28,119,4,1,0,1,0,83,46
Joel Armia,MTL,RW,66,17,8,25,4,34,139,3,0,0,2,0,49,41
Phillip Danault,LAK,C,78,17,30,47,12,18,159,2,3,6,0,2,80,60
Tyler Johnson,BOS,C,67,17,14,31,-35,26,112,1,8,8,0,0,48,31
Jordan Eberle,SEA,RW,78,17,27,44,1,17,168,3,6,6,0,0,30,23
David Perron,OTT,RW,76,17,30,47,-12,55,151,4,7,10,0,0,110,27
Nick Foligno,CHI,LW,74,17,20,37,-29,57,146,0,8,8,1,0,192,39
Tomas Hertl,VGK,C,54,17,21,38,-28,22,124,2,6,5,1,0,59,49
Chandler Stephenson,SEA,C,75,16,35,51,-9,25,97,4,4,9,2,1,43,40
Artturi Lehkonen,COL,LW,45,16,18,34,11,14,103,2,7,5,0,0,49,18
Erik Haula,NJD,C,76,16,19,35,-1,54,155,2,1,2,1,1,93,49
Mark Stone,VGK,RW,56,16,37,53,1,22,117,5,4,10,2,2,34,40
Brendan Gallagher,MTL,RW,77,16,15,31,-24,74,154,2,1,3,0,0,63,35
Pierre-Luc Dubois,WSH,C,82,16,24,40,-9,70,146,4,7,1,0,0,96,37
Josh Norris,OTT,C,50,16,14,30,-6,22,115,3,5,7,0,1,86,30
Eeli Tolvanen,SEA,LW,81,16,25,41,-15,24,153,3,1,9,0,0,210,75
William Eklund,SJS,LW,80,16,29,45,-45,30,128,5,8,8,0,1,39,72
Alexander Holtz,VGK,RW,82,16,12,28,-15,14,122,3,1,1,0,0,44,17
Drew O'Connor,PIT,C,79,16,17,33,14,20,160,2,0,0,1,1,53,58
Luke Evangelista,NSH,RW,80,16,23,39,0,18,172,1,3,7,0,0,30,23
Yegor Chinakhov,CBJ,RW,53,16,13,29,-3,6,110,3,1,1,0,0,43,28
Matty Beniers,SEA,C,77,15,22,37,-11,20,133,1,6,7,0,0,52,44
Matthew Knies,TOR,LW,80,15,20,35,9,45,115,3,0,2,0,0,169,30
Bobby McMann,TOR,C,56,15,9,24,13,52,118,0,1,0,0,0,117,18
Simon Holmstrom,NYI,RW,75,15,10,25,2,14,72,3,0,0,5,2,19,46
Alex Newhook,MTL,C,55,15,19,34,-11,18,85,2,2,6,0,0,36,31
Thomas Harley,DAL,D,79,15,32,47,28,18,144,3,1,8,1,0,67,135
Rickard Rakell,PIT,C,70,15,22,37,4,22,165,2,4,2,0,0,112,40
Mikael Backlund,CGY,C,82,15,24,39,-4,24,209,2,2,1,1,1,70,33
Drew Doughty,LAK,D,82,15,35,50,15,44,135,3,7,13,0,0,109,142
Lars Eller,WSH,C,82,15,16,31,-1,32,154,0,4,1,1,1,55,56
Sonny Milano,WSH,LW,49,15,8,23,4,10,50,2,3,1,0,0,20,16
Colton Sissons,NSH,RW,81,15,20,35,-6,38,131,2,3,4,3,1,136,57
Elias Lindholm,BOS,C,75,15,29,44,-14,25,173,4,6,6,1,2,89,61
Jordan Martinook,CAR,LW,82,14,18,32,-1,36,148,1,0,0,1,0,61,36
Stefan Noesen,NJD,C,81,14,23,37,13,33,111,3,3,8,0,0,118,25
Jason Zucker,BUF,LW,69,14,18,32,-9,81,150,0,5,5,0,0,98,18
Pius Suter,VAN,LW,67,14,15,29,17,16,105,3,2,3,0,0,54,23
Jakob Chychrun,WSH,D,82,14,27,41,-30,60,204,2,7,9,0,0,72,154
Mason Appleton,WPG,C,82,14,22,36,16,26,122,2,2,0,1,1,106,44
Michael Amadio,OTT,C,73,14,13,27,4,16,117,2,3,2,0,0,48,34
Andrew Mangiapane,WSH,LW,75,14,26,40,7,47,122,0,2,1,1,0,89,33
Nicholas Robertson,TOR,LW,56,14,13,27,4,4,96,1,1,2,0,0,34,24
Alexei Toropchenko,STL,RW,82,14,7,21,-3,30,114,1,0,0,2,0,164,55
Connor Zary,CGY,C,63,14,20,34,12,22,90,3,1,3,0,0,29,29
Anton Lundell,FLA,C,78,13,22,35,19,46,166,2,1,4,0,1,61,40
Ridly Greig,OTT,C,72,13,13,26,10,66,97,1,2,0,1,0,129,41
Will Cuylle,NYR,LW,81,13,8,21,-3,56,119,2,1,1,0,0,248,26
Cole Sillinger,CBJ,C,77,13,19,32,-4,46,157,1,1,0,0,1,119,74
Logan O'Connor,COL,RW,57,13,12,25,13,34,85,4,0,0,3,0,60,38
Pavel Dorofeyev,VGK,LW,47,13,11,24,8,12,97,1,0,1,0,0,18,23
Kaapo Kakko,NYR,RW,61,13,6,19,6,24,91,2,1,0,0,0,26,18
Noah Hanifin,VGK,D,80,13,34,47,19,24,164,2,5,8,0,2,62,121
Jimmy Vesey,NYR,LW,80,13,13,26,-4,20,116,4,0,0,0,0,89,28
Andrew Copp,DET,C,79,13,20,33,-2,26,109,3,1,2,1,2,33,51
Nicolas Roy,VGK,C,70,13,28,41,8,29,112,2,1,6,1,0,77,35
Alex Kerfoot,UTA,C,82,13,32,45,-15,26,103,3,2,10,2,1,73,76
Filip Zadina,FA,RW,72,13,10,23,-44,18,137,3,3,1,0,0,55,28
Sam Lafferty,BUF,RW,79,13,11,24,4,32,78,3,0,0,1,0,192,32
Morgan Frost,PHI,C,71,13,28,41,4,22,135,1,3,8,0,0,56,55
Michael Rasmussen,DET,C,75,13,20,33,8,47,101,3,0,0,1,3,123,76
Cam Atkinson,TBL,RW,70,13,15,28,-22,27,175,3,2,4,0,0,35,46
Kevin Hayes,PIT,C,79,13,16,29,0,12,153,2,0,5,0,0,42,17
Ryan Johansen,FA,C,63,13,10,23,-6,34,78,4,4,2,0,1,60,15
Jaden Schwartz,SEA,LW,62,13,17,30,-15,24,117,0,7,3,0,0,46,27
Reilly Smith,NYR,RW,76,13,27,40,3,18,152,3,1,7,0,0,55,28
Victor Hedman,TBL,D,78,13,63,76,18,76,168,2,4,27,0,0,65,102
Scott Laughton,PHI,C,82,13,26,39,-9,69,167,2,1,4,2,6,155,56
Brady Skjei,NSH,D,80,13,34,47,15,40,185,2,1,11,1,3,69,90
Johnny Gaudreau,FA,LW,81,12,48,60,-27,22,160,3,1,17,0,0,2,23
Adam Lowry,WPG,C,81,12,23,35,17,57,119,1,0,2,1,1,181,65
Michael McCarron,NSH,C,70,12,10,22,4,100,94,3,0,0,0,0,142,55
Kyle Okposo,FA,RW,67,12,10,22,1,34,114,0,2,2,1,0,75,35
T.J. Oshie,WSH,RW,52,12,13,25,-6,44,90,4,7,4,0,0,75,56
Corey Perry,EDM,RW,54,12,10,22,-6,46,82,2,3,1,0,0,43,17
Mats Zuccarello,MIN,RW,69,12,51,63,-5,30,173,1,5,28,0,0,26,50
Evgenii Dadonov,DAL,RW,51,12,11,23,-6,8,68,3,1,1,0,0,35,19
Mikael Granlund,SJS,C,69,12,48,60,-23,32,134,1,1,22,0,1,62,55
Jonathan Huberdeau,CGY,LW,81,12,40,52,-29,49,143,2,4,15,0,0,60,37
Charlie McAvoy,BOS,D,74,12,35,47,4,86,133,3,1,12,0,0,159,159
Eetu Luostarinen,FLA,LW,82,12,15,27,1,26,119,2,2,0,0,1,129,56
Alexandre Texier,STL,C,78,12,18,30,-5,38,109,1,0,2,2,0,57,36
Yakov Trenin,MIN,C,76,12,5,17,15,40,116,3,0,0,0,1,206,36
Devon Toews,COL,D,82,12,38,50,28,18,159,2,0,5,0,2,74,110
Nic Dowd,WSH,C,64,12,10,22,-2,47,61,2,0,0,0,0,118,72
Jake Walman,SJS,D,63,12,9,21,-2,44,108,3,1,3,0,1,41,151
Ryan Donato,CHI,C,78,12,18,30,-14,26,149,0,1,2,0,0,104,24
Evan Rodrigues,FLA,C,80,12,27,39,26,34,186,1,3,7,0,0,104,28
Jesperi Kotkaniemi,CAR,LW,79,12,15,27,-4,36,128,0,1,1,0,1,56,33
Joe Veleno,DET,C,80,12,16,28,-16,25,86,1,3,2,0,1,107,35
Ryan McLeod,BUF,C,81,12,18,30,10,10,106,3,0,1,0,2,65,34
Alex Laferriere,LAK,RW,81,12,11,23,-14,46,147,2,0,3,0,0,112,27
Adam Fantilli,CBJ,C,49,12,15,27,-21,16,115,1,1,2,0,0,63,25
Leo Carlsson,ANA,C,55,12,17,29,-11,16,109,0,4,5,0,0,28,25
Zach Benson,BUF,LW,71,11,19,30,-3,36,98,1,0,2,0,0,35,35
Tye Kartye,SEA,C,77,11,9,20,-1,37,109,1,0,0,0,0,229,27
Connor Dewar,TOR,C,74,11,8,19,-8,28,77,0,0,0,1,0,123,38
Brett Leason,ANA,RW,68,11,11,22,-7,14,91,0,0,0,2,0,80,65
Morgan Barron,WPG,LW,80,11,7,18,10,23,94,3,0,1,0,0,122,45
Ilya Mikheyev,CHI,RW,78,11,20,31,1,4,147,1,0,0,0,0,49,20
Bobby Brink,PHI,RW,57,11,12,23,1,10,81,2,3,2,0,0,36,24
Bowen Byram,BUF,D,73,11,18,29,0,53,84,0,0,1,0,0,94,104
Zach Werenski,CBJ,D,70,11,46,57,0,22,202,0,2,10,0,0,23,130
Alexander Nylander,TOR,RW,28,11,4,15,-1,6,72,2,2,0,0,0,12,12
Kevin Stenlund,UTA,C,81,11,4,15,-10,62,81,3,0,0,2,0,83,55
Vince Dunn,SEA,D,59,11,35,46,8,78,120,0,4,12,0,1,39,64
Ryan Poehling,PHI,C,77,11,17,28,-11,6,111,1,1,1,3,1,61,101
Michael Eyssimont,TBL,C,81,11,14,25,7,104,149,2,2,2,0,0,134,31
Dominik Kubalik,FA,LW,74,11,4,15,-30,19,91,2,4,0,0,0,55,20
Luke Kunin,SJS,C,77,11,7,18,-30,83,98,1,2,3,0,0,165,60
Mathieu Joseph,STL,RW,72,11,24,35,-4,51,124,3,0,0,1,1,105,49
Alex Iafallo,WPG,C,82,11,16,27,14,6,120,2,2,3,0,1,43,67
Vladislav Namestnikov,WPG,C,78,11,26,37,17,37,95,0,3,2,1,0,92,45
Sean Couturier,PHI,C,74,11,27,38,-10,29,192,3,3,4,0,2,59,41
Ryan Strome,ANA,C,79,11,30,41,-20,86,131,0,2,13,0,0,64,21
Mattias Ekholm,EDM,D,79,11,34,45,44,47,177,3,2,1,1,0,136,93
Jeff Carter,FA,C,72,11,4,15,-7,12,90,4,4,0,2,0,83,33
James van Riemsdyk,CBJ,LW,71,11,27,38,7,20,142,3,6,6,0,0,34,22
Marcus Johansson,MIN,LW,78,11,19,30,-15,22,112,0,1,5,0,0,44,29
Erik Karlsson,PIT,D,82,11,45,56,4,44,213,4,2,15,0,0,40,99
Yanni Gourde,SEA,LW,80,11,22,33,-11,62,156,1,0,2,2,1,156,52
Craig Smith,CHI,RW,75,11,9,20,2,33,112,2,0,0,0,0,51,30
Ondrej Palat,NJD,LW,71,11,20,31,-9,37,108,0,1,4,0,0,92,49
Jean-Gabriel Pageau,NYI,C,82,11,22,33,-8,13,101,2,1,1,1,5,196,81
Mike Matheson,MTL,D,82,11,51,62,-24,58,187,0,5,23,2,0,61,186
Darnell Nurse,EDM,D,81,10,22,32,3,79,181,2,1,4,1,0,168,172
Sam Carrick,NYR,C,77,10,6,16,-11,102,92,0,1,0,2,0,166,35
Shayne Gostisbehere,CAR,D,81,10,46,56,-16,16,139,2,2,27,0,0,29,75
Travis Sanheim,PHI,D,81,10,34,44,-20,48,146,3,0,5,1,3,93,149
Josh Morrissey,WPG,D,81,10,59,69,34,44,196,1,2,17,0,0,90,103
Alexander Wennberg,SJS,C,79,10,20,30,0,14,90,4,3,3,1,0,46,75
Luke Glendening,TBL,C,81,10,1,11,-2,39,57,1,0,0,1,0,121,53
Kris Letang,PIT,D,82,10,41,51,13,62,164,2,0,5,0,1,137,136
John Carlson,WSH,D,82,10,42,52,-7,40,176,5,6,15,0,0,69,194
Jordan Staal,CAR,C,80,10,20,30,-14,44,123,3,0,1,1,3,142,41
Brent Burns,CAR,D,82,10,33,43,19,20,185,0,4,16,1,0,41,87
Calle Jarnkrok,TOR,C,52,10,11,21,16,18,92,3,0,1,1,1,55,13
Mike Hoffman,FA,LW,66,10,13,23,-21,20,71,1,3,3,0,0,28,27
Marcus Foligno,MIN,LW,55,10,12,22,10,59,56,3,0,0,0,1,179,40
Casey Cizikas,NYI,C,70,10,13,23,-2,22,82,1,0,1,1,0,134,71
Michael McLeod,FA,C,45,10,9,19,6,10,73,2,0,0,0,0,101,22
Kiefer Sherwood,VAN,LW,68,10,17,27,17,41,110,2,0,0,0,0,233,22
Jordan Greenway,BUF,LW,67,10,18,28,11,64,107,1,1,2,0,1,141,65
Colton Parayko,STL,D,82,10,16,26,4,23,154,4,0,1,1,1,113,218
Gustav Forsling,FLA,D,79,10,29,39,56,43,160,1,1,1,0,0,111,102
Cam York,PHI,D,82,10,20,30,-13,44,134,1,0,6,0,2,76,174
Sean Walker,CAR,D,81,10,19,29,11,50,150,1,0,1,2,1,118,127
Pierre Engvall,NYI,LW,74,10,18,28,4,18,128,1,2,5,0,0,28,21
Noah Dobson,NYI,D,79,10,60,70,12,36,174,4,1,23,0,1,84,180
Justin Danforth,CBJ,RW,71,10,16,26,-10,26,86,1,0,0,0,0,108,46
Jake Sanderson,OTT,D,79,10,28,38,8,23,158,3,3,11,0,0,49,139
Cole Smith,NSH,LW,80,9,14,23,5,63,112,4,0,0,1,2,232,32
Jack Quinn,BUF,C,27,9,10,19,-1,8,56,2,1,2,0,0,31,12
Luke Hughes,NJD,D,82,9,38,47,-25,28,135,1,4,21,0,0,24,55
Sean Durzi,UTA,D,76,9,32,41,-1,63,142,1,3,13,0,0,44,160
Shane Pinto,OTT,C,41,9,18,27,9,14,110,1,4,2,0,0,39,31
Moritz Seider,DET,D,82,9,33,42,-7,51,135,0,3,14,0,1,210,212
Thomas Chabot,OTT,D,51,9,21,30,-3,22,118,0,1,6,0,0,44,88
Rasmus Andersson,CGY,D,78,9,30,39,-11,47,159,3,0,8,1,0,41,186
Jack Roslovic,CAR,RW,59,9,22,31,-10,16,117,3,0,4,1,0,28,24
Sean Kuraly,CBJ,C,62,9,9,18,-5,40,92,0,0,0,0,1,156,34
Miles Wood,COL,LW,74,9,17,26,-5,75,167,1,0,0,1,0,107,35
Miro Heiskanen,DAL,D,71,9,45,54,8,36,162,2,2,19,0,0,55,97
Sam Steel,DAL,C,77,9,15,24,0,29,86,1,0,0,2,1,58,32
Blake Wheeler,FA,RW,54,9,12,21,2,23,83,1,1,0,0,0,31,31
Tomas Tatar,NJD,LW,70,9,15,24,8,20,72,2,0,1,0,0,43,24
Oliver Ekman-Larsson,TOR,D,80,9,23,32,10,76,123,3,1,10,0,0,105,70
Max Domi,TOR,C,80,9,38,47,10,118,137,1,1,1,0,0,53,22
Josh Anderson,MTL,RW,78,9,11,20,-18,74,141,0,0,2,0,0,169,40
Damon Severson,CBJ,D,67,9,19,28,-10,51,88,1,0,3,0,2,45,83
Jake McCabe,TOR,D,73,8,20,28,20,56,73,3,1,1,0,1,219,129
Seth Jones,CHI,D,67,8,23,31,-15,34,172,4,3,6,0,0,77,131
Brenden Dillon,NJD,D,77,8,12,20,20,92,79,2,0,0,0,0,241,111
Zemgus Girgensons,TBL,C,63,8,6,14,-1,21,73,3,0,0,0,0,141,36
Josh Manson,COL,D,76,8,17,25,11,87,123,0,0,0,1,1,211,109
Trevor Lewis,LAK,C,82,8,8,16,7,20,130,2,0,1,1,1,89,62
Evgeny Kuznetsov,FA,C,63,8,16,24,-11,30,96,1,1,6,0,0,28,18
Carl Grundstrom,SJS,LW,50,8,4,12,-2,12,95,1,1,0,1,0,113,16
Brett Howden,VGK,C,72,8,11,19,-11,39,76,0,0,0,2,0,86,51
Klim Kostin,SJS,RW,52,8,6,14,-12,53,43,0,0,1,0,0,108,16
David Kampf,TOR,RW,78,8,11,19,-4,18,79,1,0,0,0,0,84,29
Parker Kelly,COL,C,80,8,10,18,-8,30,86,0,0,0,2,1,170,67
Kailer Yamamoto,UTA,LW,59,8,8,16,-9,18,61,2,2,4,0,0,31,18
Emil Bemstrom,PIT,C,56,8,8,16,-5,12,83,1,4,1,0,0,36,34
Keegan Kolesar,VGK,RW,79,8,10,18,-8,49,73,2,0,0,1,1,277,41
Brandon Montour,SEA,D,66,8,25,33,1,46,168,3,1,16,0,0,104,67
Martin Pospisil,CGY,C,63,8,16,24,14,109,117,1,0,0,0,0,238,22
K'Andre Miller,NYR,D,80,8,22,30,5,49,96,3,0,1,0,1,148,117
Colin Blackwell,DAL,C,44,8,4,12,-2,10,88,2,1,0,0,0,45,22
Jalen Chatfield,CAR,D,72,8,14,22,15,24,90,2,0,0,0,0,57,66
Jack McBain,UTA,C,67,8,18,26,8,50,56,2,0,0,0,0,203,42
Jack Drury,CAR,C,74,8,19,27,4,33,106,0,2,5,0,0,30,35
Juuso Parssinen,NSH,LW,44,8,4,12,-6,12,54,0,2,1,0,0,61,15
Hendrix Lapierre,WSH,C,51,8,14,22,-1,4,51,1,0,2,0,0,26,31
Brock Faber,MIN,D,82,8,39,47,-1,26,136,1,3,13,0,0,65,150
Justin Barron,MTL,D,48,7,6,13,-3,16,60,1,1,0,0,0,61,59
Pontus Holmberg,TOR,LW,54,7,10,17,11,18,54,1,0,0,0,0,51,42
Paul Cotter,NJD,C,76,7,18,25,-11,41,100,0,2,2,0,0,233,29
Alexander Romanov,NYI,D,81,7,15,22,23,20,117,0,0,0,0,0,157,171
John Beecher,BOS,C,52,7,3,10,-6,24,38,1,0,0,0,0,112,34
Blake Lizotte,PIT,LW,62,7,8,15,11,20,76,2,0,0,2,1,64,28
Philip Tomasino,PIT,C,41,7,13,20,-6,25,62,2,0,4,0,0,13,18
Arthur Kaliyev,LAK,RW,51,7,8,15,-3,14,101,0,3,1,0,0,33,14
Nathan Walker,STL,C,45,7,6,13,-1,18,43,0,0,0,0,0,95,35
Jacob Middleton,MIN,D,80,7,18,25,-15,77,85,1,0,0,0,1,148,161
Garnet Hathaway,PHI,RW,82,7,10,17,-7,132,103,1,0,0,1,2,325,73
Brandon Tanev,SEA,LW,66,7,9,16,2,51,73,0,0,0,0,2,147,62
Jacob MacDonald,COL,D,34,7,2,9,-14,23,49,0,3,1,0,0,38,17
Jake Evans,MTL,LW,82,7,21,28,-1,24,81,1,0,0,1,0,86,65
Tanner Jeannot,LAK,LW,55,7,7,14,-10,75,59,0,1,1,0,0,210,27
Victor Olofsson,VGK,LW,51,7,8,15,-1,4,66,1,1,2,0,0,22,10
Boris Katchouk,FA,LW,59,7,6,13,-6,12,70,0,0,0,1,0,82,14
Jakob Silfverberg,FA,RW,81,7,12,19,4,24,102,1,1,3,1,1,16,36
Jonas Brodin,MIN,D,62,7,20,27,22,16,117,1,0,1,0,0,21,142
Cal Clutterbuck,FA,RW,82,7,12,19,4,32,59,0,0,0,0,0,273,55
Justin Schultz,FA,D,70,7,19,26,-23,22,100,2,0,10,0,0,26,68
Andre Burakovsky,SEA,LW,49,7,9,16,-15,14,92,1,5,4,0,0,13,14
Morgan Rielly,TOR,D,72,7,51,58,7,27,173,0,1,19,0,0,98,137
Radek Faksa,STL,C,74,7,12,19,0,20,71,2,0,0,2,2,97,42
Nick Cousins,OTT,C,69,7,8,15,1,64,111,3,0,0,0,0,130,33
Curtis Lazar,NJD,C,71,7,18,25,10,44,74,2,0,0,1,0,177,64
Mark Jankowski,NSH,C,32,7,8,15,11,8,48,1,0,1,1,0,8,11
Jesper Fast,CAR,RW,73,6,13,19,0,16,79,0,0,0,0,0,78,23
Radko Gudas,ANA,D,66,6,12,18,14,128,88,0,0,0,0,1,232,154
Mike Reilly,NYI,D,61,6,18,24,-1,30,126,1,0,5,1,0,47,60
Teddy Blueger,VAN,C,68,6,22,28,4,31,97,0,0,0,2,2,98,43
Nikita Zadorov,BOS,D,75,6,14,20,0,125,90,1,0,0,0,1,177,68
William Carrier,CAR,LW,39,6,2,8,3,16,65,0,0,0,0,0,90,16
Jaccob Slavin,CAR,D,81,6,31,37,21,8,151,1,0,0,2,1,55,120
Kasperi Kapanen,EDM,RW,73,6,16,22,-5,14,99,1,0,0,1,1,63,27
Kevin Shattenkirk,FA,D,61,6,18,24,-2,18,78,0,2,9,0,0,63,85
Marc-Edouard Vlasic,SJS,D,57,6,6,12,-27,26,72,1,0,0,0,0,35,108
Andrew Cogliano,FA,LW,75,6,13,19,11,16,61,0,0,0,1,3,33,40
Dmitry Orlov,CAR,D,82,6,20,26,4,36,129,1,0,5,1,0,116,60
Brian Dumoulin,ANA,D,80,6,10,16,3,20,69,1,0,0,0,0,72,79
David Savard,MTL,D,60,6,18,24,-1,24,54,0,0,0,0,0,68,163
Erik Gudbranson,CBJ,D,78,6,20,26,-14,74,91,1,0,0,0,1,92,170
Noah Gregor,OTT,C,63,6,6,12,-7,17,110,1,1,0,1,0,147,26
Cody Glass,PIT,C,41,6,7,13,-9,20,82,1,0,1,0,0,31,20
Jonny Brodzinski,NYR,RW,57,6,13,19,-3,8,89,2,1,1,0,0,33,24
Beck Malenstyn,BUF,C,81,6,15,21,-1,25,98,1,0,0,0,1,240,93
Alex Barre-Boulet,MTL,C,36,6,3,9,-9,10,46,0,2,0,0,0,26,8
Johnny Kovacevic,NJD,D,62,6,7,13,11,42,46,0,0,0,0,0,74,83
Jesper Boqvist,FLA,C,47,6,8,14,12,8,51,1,0,0,0,0,71,15
Tyler Motte,DET,C,69,6,3,9,-8,28,83,2,0,0,2,0,96,41
Patrik Laine,MTL,RW,18,6,3,9,-10,6,41,0,1,1,0,0,5,14
A.J. Greer,FLA,LW,59,6,6,12,-7,35,57,0,1,0,0,0,100,24
Vladislav Gavrikov,LAK,D,77,6,17,23,9,28,114,1,0,0,0,1,55,114
Jeremy Lauzon,NSH,D,79,6,8,14,-3,98,103,0,0,0,0,0,383,111
Erik Gustafsson,DET,D,76,6,25,31,3,35,93,1,0,9,0,0,63,66
Viktor Arvidsson,EDM,LW,18,6,9,15,4,14,59,1,1,4,0,0,8,18
Nicolas Aube-Kubel,BUF,C,60,6,10,16,4,23,58,0,0,0,0,0,159,26
Oskar Sundqvist,STL,C,71,6,15,21,-6,32,68,0,3,2,1,2,82,49
Trevor Zegras,ANA,C,31,6,9,15,-1,30,73,1,1,0,0,0,16,15
Aliaksei Protas,WSH,C,78,6,23,29,-3,8,113,1,0,0,0,1,34,49
Darren Raddysh,TBL,D,82,6,27,33,-3,21,101,2,1,6,0,0,75,105
Owen Power,BUF,D,76,6,27,33,8,28,108,1,0,6,0,1,45,115
Kent Johnson,CBJ,C,42,6,10,16,-2,10,62,1,0,0,0,0,10,16
Logan Stankoven,DAL,C,24,6,8,14,10,4,51,0,1,1,0,0,20,11
Noah Cates,PHI,LW,59,6,12,18,-8,0,78,1,0,0,0,2,52,35
Thomas Bordeleau,SJS,LW,27,6,5,11,-18,18,48,1,4,3,0,0,12,19
Dylan Holloway,STL,C,38,6,3,9,-1,29,56,0,1,0,0,0,91,14
Kaiden Guhle,MTL,D,70,6,16,22,-8,56,95,1,0,0,0,0,116,178
Braden Schneider,NYR,D,82,5,14,19,-1,16,95,1,0,0,1,0,167,133
Lukas Reichel,CHI,RW,65,5,11,16,-29,12,84,0,2,0,0,0,27,25
Artem Zub,OTT,D,69,5,20,25,5,32,85,0,0,0,1,0,137,122
Mark Kastelic,BOS,C,63,5,5,10,-5,63,60,0,0,0,0,0,126,31
Michael Kesselring,UTA,D,65,5,16,21,11,66,76,2,0,0,0,0,106,59
Josh Doan,UTA,RW,11,5,4,9,6,0,23,1,0,0,0,0,7,7
J.J. Moser,TBL,D,80,5,21,26,-5,35,77,0,0,3,0,2,99,112
Zachary Bolduc,STL,C,25,5,4,9,0,6,38,0,0,0,0,0,12,12
Valtteri Puustinen,PIT,RW,52,5,15,20,4,6,86,0,0,2,0,0,40,33
Egor Zamula,PHI,D,66,5,16,21,3,32,61,1,2,7,0,1,37,79
Justin Brazeau,BOS,LW,19,5,2,7,4,2,31,1,2,0,0,0,43,12
Isac Lundestrom,ANA,LW,46,5,6,11,-1,2,38,0,0,1,1,0,51,27
Mathieu Olivier,CBJ,RW,54,5,7,12,-4,70,55,1,0,0,1,0,163,36
Brandon Duhaime,WSH,LW,80,5,8,13,-5,70,92,0,0,0,1,0,208,37
Nico Sturm,SJS,C,63,5,8,13,-25,12,69,0,0,0,1,0,75,39
Kevin Korchinski,CHI,D,76,5,10,15,-39,20,93,2,0,7,0,0,26,82
Matthew Poitras,BOS,C,33,5,10,15,4,6,40,1,0,1,0,0,17,15
Christian Dvorak,MTL,LW,30,5,4,9,-5,4,35,0,1,0,0,0,16,19
Frederick Gaudreau,MIN,C,67,5,10,15,-23,12,105,1,2,5,0,0,24,47
Ivan Provorov,CBJ,D,82,5,27,32,-11,20,107,0,0,7,0,0,66,155
Liam O'Brien,UTA,C,75,5,9,14,0,153,72,0,0,0,0,0,229,33
Christian Fischer,DET,RW,79,5,14,19,0,36,86,0,0,0,1,0,137,32
Anthony Beauvillier,PIT,LW,60,5,12,17,-8,8,105,0,2,2,0,0,53,35
Derek Ryan,EDM,C,70,5,7,12,-3,8,52,0,0,0,2,1,59,28
Max Jones,BOS,LW,52,5,10,15,-6,33,76,0,0,1,0,0,123,14
Julien Gauthier,NYI,RW,27,5,4,9,-5,8,32,1,0,0,0,0,63,17
Mackenzie Entwistle,FLA,RW,67,5,6,11,-29,47,66,1,0,0,0,0,138,32
Jan Rutta,SJS,D,69,5,14,19,-21,38,69,1,0,0,0,2,69,110
Matt Roy,WSH,D,81,5,20,25,21,42,135,1,0,1,0,2,152,197
Vinni Lettieri,BOS,C,46,5,4,9,-7,24,47,1,0,0,0,0,53,27
Ryan Lomberg,CGY,LW,75,5,2,7,-1,80,68,2,1,0,0,0,179,21
Neal Pionk,WPG,D,82,5,28,33,9,63,146,1,1,7,0,0,221,118
Filip Hronek,VAN,D,81,5,43,48,33,38,148,0,2,9,0,0,104,87
Joey Anderson,CHI,RW,55,5,12,17,5,8,57,0,0,0,0,0,48,18
Taylor Raddysh,WSH,RW,73,5,9,14,-19,22,120,0,1,2,1,0,84,28
Nathan Bastian,NJD,RW,54,5,7,12,-10,32,57,1,0,0,0,0,142,27
Cam Fowler,STL,D,81,5,34,39,-36,24,109,0,2,16,0,1,41,119
Tyler Myers,VAN,D,77,5,24,29,16,77,93,0,0,0,2,0,110,136
Dougie Hamilton,NJD,D,20,5,11,16,-8,20,61,0,4,4,0,0,18,24
Erik Johnson,PHI,D,67,5,1,6,-14,26,60,1,0,0,0,0,143,97
Zach Parise,FA,LW,30,5,5,10,-7,8,50,1,0,2,0,0,20,25
Sam Gagner,FA,C,28,5,5,10,-2,10,48,2,0,1,0,0,17,17
Brendan Smith,DAL,D,63,5,10,15,-3,61,60,0,0,0,0,0,116,101
Ryan Carpenter,FA,C,62,5,7,12,-16,6,58,0,0,0,0,0,47,31
Ben Chiarot,DET,D,77,5,15,20,-4,56,107,1,0,0,0,0,160,167
Esa Lindell,DAL,D,82,5,21,26,17,12,114,0,0,0,0,1,74,162
Shea Theodore,VGK,D,47,5,37,42,4,6,105,1,2,13,0,0,9,78
Justin Bailey,SJS,RW,59,5,9,14,-15,6,70,0,0,1,0,0,76,29
Phil Di Giuseppe,VAN,LW,51,5,5,10,-1,36,52,1,0,0,0,0,93,23
Tanner Pearson,VGK,LW,54,5,8,13,-12,21,77,1,1,1,0,0,50,35
Ryan Pulock,NYI,D,58,5,14,19,3,12,90,1,2,4,0,0,99,149
Cody Ceci,SJS,D,79,5,20,25,12,14,97,0,0,0,0,1,91,106
Matt Dumba,DAL,D,76,4,8,12,-18,88,86,0,0,0,0,0,201,108
Torey Krug,STL,D,77,4,35,39,-31,32,162,2,0,13,0,0,64,111
Patrick Maroon,CHI,LW,51,4,12,16,-11,60,56,0,0,1,0,0,82,16
Olli Maatta,UTA,D,72,4,14,18,14,14,48,0,0,0,0,0,53,96
Chris Tierney,FA,C,52,4,8,12,3,21,26,0,0,0,0,0,20,12
Mattias Janmark,EDM,C,71,4,8,12,0,46,67,0,0,0,0,0,55,19
Colin Miller,WPG,D,46,4,5,9,8,26,69,0,0,1,0,0,91,37
Aaron Ekblad,FLA,D,51,4,14,18,27,50,98,1,1,3,0,0,85,59
Connor Brown,EDM,RW,71,4,8,12,-8,10,108,0,0,0,0,0,32,24
Hudson Fasching,NYI,RW,45,4,10,14,-7,6,41,1,0,0,0,0,40,31
Max Pacioretty,TOR,LW,47,4,19,23,-14,25,95,0,2,9,0,0,76,22
Alex Pietrangelo,VGK,D,64,4,29,33,-5,24,141,2,0,9,0,1,46,160
Brayden McNabb,VGK,D,82,4,22,26,18,37,86,0,0,1,0,1,149,207
Adam Larsson,SEA,D,81,4,14,18,6,55,130,1,0,0,0,1,162,151
Michael Sgarbossa,WSH,LW,25,4,3,7,0,2,27,1,0,1,0,0,16,3
Ryan Reaves,TOR,RW,49,4,2,6,-13,49,26,0,0,0,0,0,165,17
Matt Martin,NYI,LW,57,4,4,8,7,43,48,0,0,0,0,0,151,29
Alec Martinez,CHI,D,55,4,13,17,-2,6,72,0,0,3,0,0,29,165
Jon Merrill,MIN,D,65,4,7,11,0,30,42,0,0,0,0,0,37,57
Connor Clifton,BUF,D,79,4,14,18,12,88,77,1,0,0,0,0,203,117
Jake Bean,CGY,D,72,4,9,13,-10,32,76,0,0,0,0,0,28,110
Conor Sheary,TBL,LW,57,4,11,15,-3,12,50,0,0,0,0,0,19,35
Noel Acciari,PIT,C,55,4,3,7,-7,10,59,1,0,0,0,0,124,85
Alexandre Carrier,NSH,D,73,4,16,20,7,44,77,2,0,1,1,0,60,137
Brandon Carlo,BOS,D,76,4,10,14,23,42,79,1,0,0,0,0,140,140
Barclay Goodrow,SJS,LW,80,4,8,12,-13,78,61,1,0,0,1,0,168,86
Pierre-Edouard Bellemare,FA,C,40,4,3,7,4,6,36,0,0,0,1,0,20,22
Marcus Pettersson,PIT,D,82,4,26,30,28,44,106,1,0,0,0,0,121,159
Pavel Mintyukov,ANA,D,63,4,24,28,-20,24,88,0,0,7,0,1,84,65
Kyle MacLean,NYI,C,32,4,5,9,5,11,26,0,0,0,0,0,60,6
Cole Guttman,CHI,C,27,4,4,8,-17,7,50,0,2,1,0,0,11,14
Peyton Krebs,BUF,C,80,4,13,17,2,67,74,2,0,0,0,0,108,23
John Marino,UTA,D,75,4,21,25,-6,41,57,1,0,0,0,0,39,89
Jesse Ylonen,TBL,LW,59,4,4,8,2,12,50,1,0,0,0,0,41,32
Jacob Bernard-Docker,OTT,D,72,4,10,14,-7,25,51,0,0,0,0,1,62,156
Joshua Roy,MTL,C,23,4,5,9,-2,0,34,0,0,0,0,0,12,21
Shane Wright,SEA,C,8,4,1,5,1,0,12,3,0,1,0,0,1,6
Mason Lohrei,BOS,D,41,4,9,13,-2,18,43,1,1,2,0,0,31,63
Radim Zohorna,FA,RW,33,4,3,7,0,18,38,1,0,0,0,0,43,5
Alexander Barabanov,FA,RW,46,4,9,13,-24,12,67,0,0,2,0,0,27,15
Mitchell Chaffee,TBL,RW,30,4,3,7,2,4,27,0,0,0,0,0,88,20
Jamie Drysdale,PHI,D,34,3,7,10,-20,8,55,0,1,1,0,1,26,43
John Ludvig,COL,D,33,3,2,5,-12,47,24,1,0,0,0,0,72,33
Max Willman,NJD,LW,18,3,1,4,1,2,17,1,0,0,0,0,23,7
Daniil Miromanov,CGY,D,24,3,4,7,-2,8,46,0,0,2,0,0,7,34
Fredrik Olofsson,FA,C,57,3,6,9,-5,8,45,1,0,0,0,0,45,29
Simon Nemec,NJD,D,60,3,16,19,-7,33,73,1,0,2,0,0,22,105
Arber Xhekaj,MTL,D,44,3,7,10,6,81,61,0,0,0,0,0,125,49
Matthew Coronato,CGY,LW,34,3,6,9,-15,4,58,0,1,0,0,0,7,7
Barrett Hayton,UTA,C,33,3,7,10,-13,26,66,0,1,1,0,0,17,15
Rasmus Sandin,WSH,D,68,3,20,23,-13,24,79,1,0,5,0,0,75,106
Akil Thomas,LAK,C,7,3,1,4,0,2,9,1,0,0,0,0,8,3
David Gustafsson,WPG,C,39,3,4,7,1,0,27,0,0,0,0,0,30,23
Niko Mikkola,FLA,D,82,3,14,17,11,69,93,0,0,0,0,1,198,124
Jordan Harris,CBJ,D,56,3,11,14,-5,22,43,0,0,0,0,0,26,86
Declan Chisholm,MIN,D,31,3,6,9,-7,18,29,0,2,3,0,0,12,38
Martin Fehervary,WSH,D,66,3,13,16,-7,24,61,0,0,0,0,1,186,109
Joel Kiviranta,COL,RW,56,3,6,9,-1,12,48,0,0,0,0,0,78,31
Jayden Struble,MTL,D,56,3,7,10,-3,57,47,0,0,0,0,0,121,53
Henry Thrun,SJS,D,51,3,8,11,-22,16,48,0,2,2,0,0,26,71
Sam Malinski,COL,D,23,3,7,10,3,6,31,1,1,1,0,0,14,22
Nils Aman,VAN,C,43,3,4,7,-3,8,28,0,0,0,0,0,31,22
Mason Morelli,VGK,C,9,3,1,4,-3,0,9,0,1,0,0,0,21,6
Brendan Lemieux,FA,LW,32,3,2,5,0,64,29,1,0,0,0,0,71,6
Tony DeAngelo,FA,D,31,3,8,11,-7,24,44,0,2,4,0,0,4,18
Ryan Graves,PIT,D,70,3,11,14,10,30,77,1,0,0,0,0,72,142
Dylan DeMelo,WPG,D,82,3,28,31,46,36,83,0,0,1,0,0,167,139
Josh Brown,EDM,D,51,3,7,10,2,75,44,1,0,0,0,0,112,85
Dakota Mermis,UTA,D,47,3,5,8,-2,33,42,0,0,0,0,0,45,59
Oliver Kylington,COL,D,33,3,5,8,-6,12,42,0,0,0,0,0,24,51
Will Borgen,SEA,D,82,3,22,25,-5,65,97,0,0,0,0,0,195,111
Dryden Hunt,CGY,LW,28,3,5,8,1,7,33,1,0,0,0,0,73,6
Dante Fabbro,CBJ,D,56,3,10,13,9,24,65,0,0,0,0,0,45,88
Jesse Puljujarvi,PIT,RW,22,3,1,4,2,6,29,0,0,0,0,0,40,6
Eric Robinson,CAR,LW,47,3,7,10,-3,19,61,1,0,0,0,0,94,11
Michael Pezzetta,MTL,C,61,3,9,12,4,59,42,1,0,0,0,0,242,29
Erik Brannstrom,VAN,D,76,3,17,20,5,36,77,0,0,0,0,1,46,111
Gustav Lindstrom,MTL,D,46,3,7,10,12,24,29,0,0,0,0,0,63,63
Mario Ferraro,SJS,D,78,3,18,21,-38,36,124,0,0,0,0,0,124,195
Adam Ruzicka,FA,C,42,3,6,9,-9,12,35,1,0,4,0,0,11,16
Henri Jokiharju,BUF,D,74,3,17,20,14,24,84,1,0,0,0,1,92,106
Tyson Jost,CAR,C,43,3,3,6,-11,10,48,0,0,0,0,0,44,20
Dillon Dube,FA,C,43,3,4,7,-13,8,42,0,1,0,0,0,35,18
Samuel Girard,COL,D,59,3,15,18,0,10,73,0,0,1,0,0,76,99
Ryan Lindgren,NYR,D,76,3,14,17,22,36,73,1,0,0,0,0,114,103
Timothy Liljegren,SJS,D,55,3,20,23,3,16,62,1,0,7,0,1,92,116
Kevin Rooney,CGY,C,33,3,1,4,-4,2,27,0,0,0,0,0,65,29
Calvin de Haan,COL,D,59,3,7,10,-9,22,56,0,0,0,0,0,96,82
Nick Leddy,STL,D,82,3,25,28,14,14,82,0,0,1,1,1,51,127
Zach Bogosian,MIN,D,65,3,11,14,11,63,83,1,0,0,0,1,109,83
Ryan McDonagh,TBL,D,74,3,29,32,19,31,91,1,0,4,0,0,38,139
Jeff Petry,DET,D,73,3,21,24,-7,39,84,0,0,0,0,1,149,134
Mark Giordano,FA,D,46,3,6,9,10,49,59,1,0,0,0,0,51,86
Jack Johnson,CBJ,D,80,3,13,16,15,38,76,0,0,0,0,0,78,89
Brett Kulak,EDM,D,82,3,13,16,0,30,94,1,0,1,0,0,77,88
Brett Pesce,NJD,D,70,3,10,13,10,20,107,1,0,0,0,0,25,113
Hampus Lindholm,BOS,D,73,3,23,26,18,63,99,0,1,4,0,0,49,100
Jacob Trouba,ANA,D,69,3,19,22,-4,73,129,0,0,1,0,1,190,183
Brendan Gaunce,MIN,C,24,2,2,4,-7,6,24,0,0,0,0,0,49,8
Connor Murphy,CHI,D,46,2,6,8,-19,40,51,0,0,0,0,0,116,113
Andreas Athanasiou,CHI,C,28,2,7,9,-7,7,44,0,0,2,0,0,11,21
Jani Hakanpaa,TOR,D,64,2,10,12,10,33,56,1,0,0,0,0,195,123
Matt Grzelcyk,PIT,D,63,2,9,11,13,37,59,0,0,0,0,0,53,76
Nate Schmidt,FLA,D,63,2,12,14,10,16,75,1,1,3,0,0,66,76
Jakub Vrana,WSH,RW,21,2,4,6,-7,8,42,0,0,0,0,0,9,4
Ryan Suter,STL,D,82,2,15,17,14,28,102,1,0,0,0,1,86,111
Travis Hamonic,OTT,D,48,2,4,6,-10,40,50,0,0,0,0,0,54,75
Marco Scandella,FA,D,65,2,6,8,2,15,42,1,0,0,1,0,69,49
Ian Cole,UTA,D,78,2,9,11,10,61,61,0,0,0,0,0,83,166
Austin Watson,DET,LW,33,2,2,4,2,93,17,0,0,0,0,0,85,20
Chris Tanev,TOR,D,75,2,17,19,22,24,56,0,0,0,0,0,45,207
Taylor Hall,CHI,LW,10,2,2,4,-3,4,20,1,0,1,0,0,7,3
Justin Faulk,STL,D,60,2,28,30,-2,39,132,1,1,6,0,1,83,104
Jamie Oleksiak,SEA,D,82,2,13,15,-2,37,108,0,0,0,0,2,110,177
Travis Boyd,MIN,C,16,2,6,8,3,2,12,1,0,0,0,0,10,10
Axel Jonsson-Fjallby,WPG,LW,26,2,3,5,6,0,23,1,0,0,0,0,30,7
Nick DeSimone,NJD,D,34,2,5,7,3,4,28,1,0,0,0,0,29,42
Zack MacEwen,OTT,C,30,2,1,3,-4,57,17,1,0,0,0,0,55,7
Nicolas Hague,VGK,D,73,2,10,12,-5,43,105,1,0,0,0,0,153,111
Juuso Valimaki,UTA,D,68,2,15,17,12,12,69,0,0,4,0,0,69,90
Nikita Zaitsev,FA,D,38,2,5,7,-5,14,31,0,0,2,0,0,68,70
Mikey Anderson,LAK,D,74,2,16,18,22,18,89,0,0,0,0,1,128,129
Pierre-Olivier Joseph,STL,D,52,2,9,11,-3,14,42,1,0,0,0,0,47,44
Jonah Gadjovich,FLA,LW,39,2,2,4,0,104,29,0,0,0,0,0,82,14
Sebastian Aho,PIT,D,58,2,7,9,-7,12,48,0,0,2,0,0,42,72
Zach Whitecloud,VGK,D,61,2,12,14,-3,32,51,1,0,0,0,1,129,105
Sheldon Rempal,FA,LW,9,2,1,3,-2,4,16,0,1,0,0,0,0,3
Carson Soucy,VAN,D,40,2,4,6,10,12,29,0,1,1,0,0,65,64
Mikhail Sergachev,UTA,D,34,2,17,19,-16,16,53,0,0,7,0,0,36,69
Mitchell Stephens,SEA,C,23,2,1,3,2,4,16,0,0,0,0,0,8,7
Erik Cernak,TBL,D,69,2,11,13,5,63,53,0,0,0,0,0,198,109
Travis Dermott,MIN,D,50,2,5,7,-14,26,38,0,0,0,0,0,52,64
Kurtis MacDermid,NJD,LW,45,2,1,3,4,73,16,1,0,0,0,0,83,11
Ben Hutton,VGK,D,41,2,8,10,12,17,67,0,0,1,0,0,17,54
Kevin Labanc,CBJ,RW,46,2,7,9,-27,16,60,0,0,3,0,0,61,17
Rourke Chartier,FA,C,37,2,1,3,-4,14,40,1,0,0,0,0,32,11
Kyle Burroughs,LAK,D,73,2,6,8,-42,71,79,1,0,1,0,0,231,134
Louis Belpedio,PHI,D,12,2,2,4,6,0,12,1,0,0,0,0,16,18
Tomas Nosek,FLA,LW,36,2,4,6,-11,6,38,0,0,0,0,0,33,20
James Malatesta,CBJ,LW,11,2,2,4,-1,5,12,0,0,0,0,0,41,2
Ivan Miroshnichenko,WSH,LW,21,2,4,6,-4,6,30,0,0,1,0,0,50,5
Jackson LaCombe,ANA,D,71,2,15,17,-24,24,55,1,0,2,0,1,50,129
Jordan Spence,LAK,D,71,2,22,24,5,12,80,0,1,5,0,0,67,55
Zac Jones,NYR,D,31,2,7,9,1,8,42,1,0,0,0,0,22,23
Samuel Bolduc,NYI,D,34,2,3,5,-4,6,32,0,1,0,0,0,44,40
Reese Johnson,MIN,RW,42,2,3,5,-20,40,51,0,0,0,0,0,108,16
Jake Lucchini,NSH,LW,40,2,3,5,-3,23,22,0,0,0,0,0,22,14
Alex Vlasic,CHI,D,76,2,14,16,-4,45,71,1,0,2,0,0,56,148
Spencer Stastney,NSH,D,20,2,2,4,9,4,11,1,0,0,0,0,2,29
Angus Crookshank,OTT,LW,13,2,1,3,-3,4,20,1,0,0,0,0,20,8
Trey Fix-Wolansky,CBJ,RW,11,2,1,3,0,2,17,0,0,0,0,0,11,6
Jonatan Berggren,DET,RW,12,2,4,6,-1,2,14,0,0,0,0,0,2,7
Oliver Wahlstrom,BOS,RW,32,2,4,6,-6,8,41,0,1,1,0,0,35,22
Ty Dellandrea,SJS,C,42,2,7,9,-10,23,53,0,0,0,0,0,63,17
Jakub Lauko,MIN,C,60,2,8,10,-3,32,43,0,0,0,0,0,176,24
Nils Lundkvist,DAL,D,59,2,17,19,13,16,73,0,0,2,0,0,44,38
Brayden Pachal,CGY,D,50,2,5,7,-3,51,52,0,0,0,0,1,130,68
Rafael Harvey-Pinard,MTL,LW,45,2,8,10,-2,6,26,0,0,0,0,1,47,47
Brandt Clarke,LAK,D,16,2,4,6,-6,10,31,1,0,3,0,0,6,21
Olen Zellweger,ANA,D,26,2,7,9,-6,4,34,0,0,2,0,0,14,38
Adam Edstrom,NYR,C,11,2,0,2,2,2,7,0,0,0,0,0,30,2
Walker Duehr,CGY,RW,40,2,5,7,-3,6,29,0,0,0,0,0,67,13
James Hamblin,EDM,C,31,2,1,3,3,0,18,0,0,0,0,0,14,21
Brendan Brisson,VGK,C,15,2,6,8,-5,2,20,1,1,1,0,0,13,4
Nick Perbix,TBL,D,77,2,22,24,8,10,57,1,0,0,0,0,79,114
Brandon Biro,SEA,LW,5,2,0,2,0,0,2,0,0,0,0,0,0,2
Jean-Luc Foudy,COL,C,4,1,0,1,1,0,2,0,0,0,0,0,0,0
John Leonard,FA,C,6,1,0,1,-1,0,5,0,0,0,0,0,1,5
Tyler Tucker,STL,D,26,1,1,2,1,42,17,0,0,0,0,0,64,27
Vasily Ponomarev,PIT,C,2,1,1,2,1,0,1,0,0,0,0,0,0,1
Sam Colangelo,ANA,RW,3,1,0,1,0,2,7,0,0,0,0,0,3,2
Danil Gushchin,SJS,RW,4,1,1,2,-2,0,4,0,0,0,0,0,2,7
Marat Khusnutdinov,MIN,C,16,1,3,4,-3,6,6,0,1,0,0,0,16,9
Ryan Shea,PIT,D,31,1,0,1,1,6,17,0,0,0,0,0,24,24
Landon Slaggert,CHI,RW,16,1,3,4,1,4,14,0,0,0,0,0,16,6
Adam Klapka,CGY,RW,6,1,0,1,-1,19,4,0,0,0,0,0,21,3
Ben Meyers,SEA,LW,23,1,2,3,-4,6,12,0,0,0,0,0,34,3
Nick Blankenburg,NSH,D,12,1,0,1,1,4,10,0,0,0,0,0,21,15
David Jiricek,MIN,D,43,1,9,10,-4,22,38,1,0,0,0,0,23,45
Ryker Evans,SEA,D,36,1,8,9,-5,20,44,0,0,5,0,0,62,38
Marc McLaughlin,BOS,C,1,1,0,1,1,0,2,0,0,0,0,0,4,1
Vincent Desharnais,VAN,D,78,1,10,11,3,54,41,0,0,0,0,1,135,122
Matt Rempe,NYR,C,17,1,1,2,1,71,12,1,0,0,0,0,50,5
Simon Edvinsson,DET,D,16,1,1,2,0,4,13,0,0,0,0,0,26,25
Olle Lycksell,PHI,RW,18,1,4,5,0,6,29,0,0,0,0,0,4,4
Carson Meyer,ANA,RW,14,1,1,2,-2,2,10,0,0,0,0,0,37,2
Matt Kessel,STL,D,39,1,6,7,0,12,28,0,0,0,0,0,40,65
Nikita Chibrikov,WPG,RW,1,1,0,1,0,0,3,1,0,0,0,0,5,0
Johnny Gruden,PIT,LW,13,1,0,1,-2,5,9,0,0,0,0,0,35,5
Mattias Samuelsson,BUF,D,41,1,6,7,4,26,44,1,0,0,0,0,106,87
Alexander Alexeyev,WSH,D,39,1,2,3,-8,6,20,0,0,0,0,0,48,59
Adam Boqvist,FLA,D,35,1,9,10,-8,0,45,0,0,4,0,0,11,42
Matthew Phillips,COL,C,31,1,4,5,-3,0,21,0,0,0,0,0,8,15
Calen Addison,FA,D,72,1,16,17,-38,72,93,0,0,9,0,0,48,83
Kevin Bahl,CGY,D,82,1,10,11,1,82,63,1,0,0,0,0,151,103
Ty Emberson,EDM,D,30,1,9,10,-4,6,31,0,0,1,0,0,94,46
Adam Ginning,PHI,D,9,1,0,1,0,0,6,0,0,0,0,0,18,9
Nolan Foote,NJD,LW,4,1,0,1,-1,0,6,0,0,0,0,0,3,2
Jakob Pelletier,CGY,LW,13,1,2,3,1,2,9,1,0,0,0,0,10,3
Kaedan Korczak,VGK,D,26,1,8,9,12,8,32,0,0,1,0,0,43,31
Simon Benoit,TOR,D,64,1,4,5,7,56,52,0,0,0,0,0,246,102
Oskar Steen,FA,C,34,1,0,1,-2,4,24,0,0,0,0,0,79,19
Alex Turcotte,LAK,C,20,1,3,4,5,6,14,0,0,0,0,0,7,10
Nikita Okhotyuk,CGY,D,52,1,8,9,-24,48,52,1,0,0,0,0,147,80
Vladislav Kolyachonok,UTA,D,5,1,3,4,5,2,5,0,0,0,0,0,4,6
Samuel Fagemo,LAK,LW,8,1,0,1,-1,0,13,0,1,0,0,0,5,3
Jacob Bryson,BUF,D,36,1,7,8,5,8,15,0,0,0,0,0,17,40
Frank Nazar,CHI,C,3,1,0,1,-4,0,2,0,0,0,0,0,0,1
Luca Del Bel Belluz,CBJ,C,1,1,0,1,1,0,2,0,0,0,0,0,0,0
Liam Ohgren,MIN,LW,4,1,1,2,0,0,8,1,0,0,0,0,2,0
Tristan Luneau,ANA,D,7,1,2,3,1,4,11,0,0,0,0,0,9,4
Nikita Nesterenko,ANA,LW,3,1,0,1,0,0,7,0,0,0,0,0,7,0
Uvis Balinskis,FLA,D,26,1,2,3,0,8,22,0,0,0,0,0,33,15
Jason Polin,COL,RW,7,1,0,1,1,2,6,0,0,0,0,0,14,1
Jiri Smejkal,FA,LW,20,1,1,2,-6,4,10,0,0,0,0,0,32,13
Waltteri Merela,TBL,RW,19,1,0,1,2,4,17,0,0,0,0,0,32,6
Andreas Englund,LAK,D,82,1,9,10,-3,81,41,0,0,0,0,0,189,87
Sammy Blais,FA,LW,53,1,6,7,-11,31,33,0,0,0,0,0,194,19
Ross Johnston,ANA,LW,68,1,3,4,-12,117,44,0,0,0,0,0,139,27
Joel Hanley,CGY,D,42,1,4,5,3,30,19,0,0,0,0,0,48,47
Noah Juulsen,VAN,D,54,1,6,7,-1,22,30,0,0,0,0,0,163,85
Denis Gurianov,FA,RW,18,1,1,2,4,0,26,0,0,0,0,0,14,6
Jonas Siegenthaler,NJD,D,57,1,8,9,-7,20,63,0,0,0,0,0,87,97
Ethan Bear,WSH,D,24,1,3,4,-5,10,24,1,0,0,0,0,16,31
Anthony Richard,PHI,C,9,1,2,3,0,2,6,0,0,0,0,0,25,5
Troy Stecher,EDM,D,54,1,6,7,9,32,51,0,0,0,0,0,66,77
Nick Seeler,PHI,D,71,1,12,13,9,78,100,0,0,0,0,4,132,205
Nick Jensen,OTT,D,78,1,13,14,-9,10,71,0,0,0,0,0,62,123
Dennis Gilbert,BUF,D,34,1,6,7,-7,16,23,0,0,0,0,0,59,49
Dominic Toninato,WPG,LW,15,1,4,5,7,6,12,1,0,0,0,0,26,9
Urho Vaakanainen,NYR,D,68,1,13,14,0,26,67,0,0,0,0,1,55,79
Jack Studnicka,LAK,C,22,1,0,1,-12,6,20,0,0,0,0,0,36,11
Mason Shaw,WPG,C,20,1,2,3,0,34,21,0,0,0,0,0,29,6
Dylan Samberg,WPG,D,78,1,17,18,16,43,77,0,0,1,0,1,65,111
Jaret Anderson-Dolan,WPG,C,31,1,3,4,-5,6,31,0,0,0,1,0,56,22
Conor Timmins,TOR,D,25,1,9,10,9,18,25,0,0,2,0,0,34,28
Jonas Rondbjerg,VGK,RW,20,1,2,3,2,0,25,0,0,0,0,0,7,10
Logan Stanley,WPG,D,25,1,1,2,4,36,29,0,0,0,0,0,45,40
Riley Tufte,BOS,LW,5,1,1,2,-2,2,7,1,0,0,0,0,8,2
Andrew Peeke,BOS,D,38,1,9,10,-1,14,37,0,0,0,0,1,88,78
Givani Smith,COL,LW,36,1,3,4,-13,40,31,0,0,0,0,0,87,12
Brandon Gignac,MTL,C,7,1,0,1,-3,0,7,0,0,0,0,0,5,7
Jacob Moverare,LAK,D,24,1,0,1,0,6,11,0,0,0,0,0,12,23
Steven Lorentz,TOR,C,38,1,2,3,-9,10,30,1,0,0,0,0,70,14
Nick Bonino,FA,C,45,1,4,5,-12,8,31,0,0,0,0,0,10,78
Nicolas Deslauriers,PHI,LW,60,1,3,4,-7,89,49,0,0,0,0,0,187,21
Tyson Barrie,CGY,D,41,1,14,15,-10,16,65,0,0,6,0,0,14,47
Tyler Pitlick,FA,C,34,1,3,4,-6,4,32,0,0,0,0,0,84,15
T.J. Brodie,CHI,D,78,1,25,26,17,40,52,0,0,0,0,0,41,159
Luke Schenn,NSH,D,63,1,6,7,1,43,81,0,0,0,0,0,202,76
Dmitry Kulikov,FLA,D,76,1,19,20,15,63,74,0,0,0,0,2,145,84
Marc Staal,FA,D,35,1,4,5,2,14,20,0,0,0,0,0,31,44
Haydn Fleury,WPG,D,24,1,4,5,5,20,25,0,0,0,0,0,31,40
Justin Dowling,NJD,C,2,1,0,1,-2,0,3,0,0,0,0,0,1,1
Vinnie Hinostroza,NSH,RW,14,1,2,3,-3,4,27,0,0,0,0,0,11,7
Adam Erne,FA,LW,24,1,1,2,0,9,13,0,0,0,0,0,66,5
Rasmus Ristolainen,PHI,D,31,1,3,4,-6,8,46,0,0,0,0,0,56,45
Chad Ruhwedel,NYR,D,52,1,3,4,-6,4,35,0,0,0,0,0,90,44
Devin Shore,MIN,C,21,1,3,4,3,4,15,0,0,0,0,0,27,9
Brock McGinn,ANA,LW,24,1,2,3,-5,4,24,0,0,0,0,0,36,11
Adam Pelech,NYI,D,58,1,15,16,-2,27,71,1,0,0,0,1,64,111
Matt Nieto,PIT,LW,22,1,3,4,5,4,13,0,0,0,0,0,14,9
Joel Edmundson,LAK,D,53,1,5,6,-2,23,46,0,0,0,0,0,80,65
Chris Wagner,COL,RW,13,1,1,2,3,9,16,0,0,0,0,0,30,5
Derrick Pouliot,TBL,D,5,0,0,0,-1,0,5,0,0,0,0,0,4,5
Robert Bortuzzo,UTA,D,27,0,0,0,0,27,11,0,0,0,0,0,38,51
Byron Froese,FA,C,16,0,1,1,-2,4,17,0,0,0,0,0,22,8
John Klingberg,FA,D,14,0,5,5,-7,8,14,0,0,2,0,0,13,15
Jayson Megna,FA,LW,1,0,0,0,0,0,0,0,0,0,0,0,0,0
Robert Hagg,VGK,D,5,0,0,0,-4,4,6,0,0,0,0,0,21,10
Nicolas Petan,FA,C,6,0,2,2,-2,2,11,0,0,1,0,0,5,1
Jujhar Khaira,FA,C,1,0,0,0,0,0,1,0,0,0,0,0,1,1
Scott Sabourin,SJS,RW,3,0,0,0,0,9,3,0,0,0,0,0,10,1
John Hayden,SEA,C,2,0,0,0,-1,0,1,0,0,0,0,0,3,1
Gustav Olofsson,SEA,D,1,0,0,0,0,0,0,0,0,0,0,0,0,3
Zach Sanford,CHI,LW,29,0,6,6,0,6,24,0,0,1,0,0,23,19
Jordan Oesterle,BOS,D,22,0,2,2,-6,4,18,0,0,0,0,0,22,33
Patrick Brown,BOS,C,11,0,1,1,-3,2,7,0,0,0,0,0,25,3
Alex Goligoski,FA,D,36,0,10,10,-8,18,32,0,0,2,0,0,27,41
Milan Lucic,FA,LW,4,0,2,2,-1,2,1,0,0,0,0,0,12,2
Nicklas Backstrom,WSH,C,8,0,1,1,-3,2,12,0,0,0,0,0,2,5
Logan Couture,SJS,C,6,0,1,1,0,4,7,0,0,0,0,0,8,8
Riley Nash,NYR,C,1,0,0,0,0,0,1,0,0,0,0,0,1,0
Jarred Tinordi,CGY,D,52,0,9,9,-27,64,32,0,0,0,0,1,168,94
Alex Petrovic,DAL,D,1,0,0,0,-1,0,2,0,0,0,0,0,2,0
Dylan McIlrath,WSH,D,3,0,1,1,1,5,1,0,0,0,0,0,9,1
Derek Forbort,VAN,D,35,0,4,4,8,17,22,0,0,0,0,0,68,65
Scott Mayfield,NYI,D,41,0,5,5,-7,35,36,0,0,0,0,0,70,106
Justin Holl,DET,D,38,0,5,5,8,22,14,0,0,0,0,0,59,39
Jared Spurgeon,MIN,D,16,0,5,5,5,2,21,0,0,3,0,0,14,29
Zach Aston-Reese,CBJ,C,3,0,0,0,0,2,1,0,0,0,0,0,3,0
William Lagesson,DET,D,40,0,4,4,3,32,19,0,0,0,0,0,76,58
Joona Koppanen,PIT,LW,4,0,0,0,0,0,4,0,0,0,0,0,3,2
Matthew Highmore,OTT,C,7,0,2,2,0,0,1,0,0,0,0,0,3,4
Oskar Lindblom,FA,LW,1,0,0,0,-1,0,0,0,0,0,0,0,1,1
Cal Foote,FA,D,4,0,1,1,3,16,0,0,0,0,0,0,3,9
Calle Rosen,COL,D,6,0,1,1,-1,2,5,0,0,0,0,0,2,7
Max Lajoie,SEA,D,7,0,1,1,1,0,1,0,0,1,0,0,12,7
William Lockwood,FLA,RW,26,0,1,1,2,16,19,0,0,0,0,0,54,8
Josh Mahura,SEA,D,30,0,9,9,-2,20,25,0,0,0,0,1,40,27
Rem Pitlick,FA,C,9,0,0,0,-7,2,13,0,0,0,0,0,9,6
Brett Murray,BUF,LW,2,0,0,0,-1,2,1,0,0,0,0,0,5,0
Victor Mete,PHI,D,1,0,0,0,0,0,0,0,0,0,0,0,0,1
Lucas Johansen,FA,D,6,0,1,1,1,4,4,0,0,0,0,0,1,7
Kale Clague,BUF,D,3,0,1,1,0,2,2,0,0,0,0,0,1,0
Cale Fleury,SEA,D,1,0,0,0,1,0,1,0,0,0,0,0,3,0
Max Comtois,FA,LW,1,0,1,1,0,0,1,0,0,0,0,0,0,0
Shane Bowers,NJD,C,8,0,0,0,1,0,7,0,0,0,0,0,3,3
Kole Lind,DAL,RW,1,0,0,0,0,0,0,0,0,0,0,0,2,0
Filip Chytil,NYR,C,10,0,6,6,0,4,22,0,0,1,0,0,4,4
Ian Mitchell,BOS,D,13,0,2,2,6,10,11,0,0,0,0,0,3,13
Jake Leschyshyn,NYR,C,1,0,0,0,-1,0,0,0,0,0,0,0,0,1
Bokondji Imama,PIT,LW,6,0,0,0,1,7,1,0,0,0,0,0,22,1
Cameron Crotty,MIN,D,1,0,0,0,-1,0,0,0,0,0,0,0,4,2
Adam Gaudette,OTT,C,2,0,0,0,0,4,0,0,0,0,0,0,4,1
Dylan Coghlan,WPG,D,1,0,0,0,-2,0,3,0,0,0,0,0,1,3
Marian Studenic,FA,RW,2,0,0,0,-1,2,1,0,0,0,0,0,4,0
Brett Seney,CHI,LW,4,0,0,0,0,6,1,0,0,0,0,0,9,6
Andrew Poturalski,SJS,C,2,0,0,0,-1,0,0,0,0,0,0,0,0,0
Matt Benning,TOR,D,14,0,2,2,-5,14,13,0,0,0,0,0,19,29
Caleb Jones,LAK,D,25,0,5,5,4,8,19,0,0,0,0,0,34,26
Philippe Myers,TOR,D,5,0,0,0,-2,2,6,0,0,0,0,0,8,6
Anton Blidh,NYR,LW,1,0,0,0,-1,2,1,0,0,0,0,0,1,0
Parker Wotherspoon,BOS,D,41,0,8,8,6,31,32,0,0,0,0,0,84,67
Glenn Gawdin,LAK,C,1,0,0,0,-1,2,0,0,0,0,0,0,4,1
Colin White,SJS,C,28,0,0,0,-5,4,16,0,0,0,0,0,22,12
Mark Friedman,VAN,D,23,0,1,1,4,21,16,0,0,0,0,0,33,35
Justin Kirkland,CGY,LW,2,0,0,0,0,0,1,0,0,0,0,0,5,1
Max McCormick,SEA,LW,1,0,0,0,0,0,0,0,0,0,0,0,0,0
Austin Czarnik,FA,C,34,0,1,1,-3,12,24,0,0,0,0,0,19,16
Trevor van Riemsdyk,WSH,D,70,0,14,14,-7,18,75,0,0,0,0,1,22,103
Jaycob Megna,FLA,D,44,0,2,2,-15,22,28,0,0,0,0,0,60,87
Jansen Harkins,ANA,C,45,0,4,4,-4,21,37,0,0,0,0,0,73,13
Patrik Koch,UTA,D,1,0,0,0,0,10,1,0,0,0,0,0,4,1
Emil Lilleberg,TBL,D,37,0,5,5,-15,16,31,0,0,0,0,0,105,48
Marshall Rifai,TOR,D,2,0,0,0,1,0,1,0,0,0,0,0,4,1
Pierrick Dube,WSH,RW,3,0,0,0,1,2,3,0,0,0,0,0,2,3
Marc Johnstone,PIT,RW,1,0,0,0,-1,0,0,0,0,0,0,0,2,0
Samuel Laberge,NJD,LW,2,0,0,0,0,0,0,0,0,0,0,0,3,0
Collin Graf,SJS,RW,7,0,2,2,-4,0,7,0,0,1,0,0,5,7
Nikolas Matinpalo,OTT,D,4,0,0,0,1,0,2,0,0,0,0,0,4,2
Gavin Brindley,CBJ,C,1,0,0,0,0,0,0,0,0,0,0,0,0,0
Bradly Nadeau,CAR,LW,1,0,0,0,-3,0,3,0,0,0,0,0,0,1
Hardy Haman-Aktell,WSH,D,6,0,1,1,-2,2,5,0,0,0,0,0,11,5
Maksymilian Szuber,UTA,D,1,0,0,0,-1,2,1,0,0,0,0,0,2,1
Aku Raty,UTA,RW,1,0,1,1,0,0,0,0,0,0,0,0,2,0
Ondrej Pavel,COL,RW,2,0,0,0,-1,2,3,0,0,0,0,0,1,0
Cole McWard,VAN,D,1,0,0,0,0,0,1,0,0,0,0,0,0,0
Jack St. Ivany,PIT,D,14,0,1,1,0,2,11,0,0,0,0,0,30,14
Cameron Butler,CBJ,RW,1,0,0,0,0,0,0,0,0,0,0,0,0,0
Max Crozier,TBL,D,13,0,2,2,-2,7,13,0,0,0,0,0,16,11
Akito Hirose,VAN,D,3,0,0,0,1,0,0,0,0,0,0,0,3,5
Fraser Minten,TOR,C,4,0,0,0,0,2,3,0,0,0,0,0,4,1
Logan Morrison,SEA,C,4,0,0,0,-1,0,6,0,0,0,0,0,2,8
Lane Hutson,MTL,D,2,0,2,2,-2,0,3,0,0,0,0,0,1,0
Brad Lambert,WPG,C,1,0,1,1,1,0,2,0,0,0,0,0,0,1
Jiri Kulich,BUF,C,1,0,0,0,-1,0,1,0,0,0,0,0,1,0
Graeme Clarke,MIN,RW,3,0,0,0,-2,2,2,0,0,0,0,0,6,0
Vasily Podkolzin,EDM,RW,19,0,2,2,-4,8,20,0,0,0,0,0,71,3
Philip Broberg,STL,D,12,0,2,2,-3,0,6,0,0,1,0,0,4,10
Victor Soderstrom,UTA,D,3,0,0,0,-1,0,1,0,0,0,0,0,3,6
Tobias Bjornfot,FLA,D,4,0,0,0,-2,2,1,0,0,0,0,0,4,7
Adam Beckman,NJD,LW,11,0,2,2,-2,12,10,0,0,0,0,0,13,3
Ronnie Attard,EDM,D,12,0,2,2,1,6,14,0,0,0,0,0,22,14
Marc Del Gaizo,NSH,D,9,0,3,3,2,2,8,0,0,0,0,0,20,10
Hugh McGing,STL,LW,5,0,0,0,-5,0,4,0,0,0,0,0,7,3
Kirby Dach,MTL,C,2,0,2,2,2,0,3,0,0,0,0,0,3,0
Rhett Gardner,PHI,C,1,0,0,0,0,0,0,0,0,0,0,0,1,1
Samuel Walker,MIN,RW,4,0,0,0,-3,0,3,0,0,0,0,0,2,1
Grant Hutton,NYI,D,2,0,0,0,1,0,0,0,0,0,0,0,4,1
Joe Snively,DET,LW,3,0,0,0,-1,0,0,0,0,0,0,0,1,0
Ryan Johnson,BUF,D,41,0,7,7,3,12,35,0,0,0,0,0,8,39
Nikita Alexandrov,STL,C,23,0,2,2,-4,4,15,0,0,0,0,0,29,7
Samuel Poulin,PIT,RW,3,0,0,0,-1,2,2,0,0,0,0,0,5,3
Raphael Lavoie,VGK,C,7,0,0,0,-2,2,4,0,0,0,0,0,13,1
Egor Afanasyev,FA,LW,2,0,0,0,-1,0,5,0,0,0,0,0,6,2
Liam Foudy,NYI,C,13,0,3,3,-2,2,7,0,0,0,0,0,8,4
Linus Karlsson,VAN,C,4,0,0,0,0,0,4,0,0,0,0,0,3,2
Jan Jenik,OTT,C,5,0,1,1,-1,5,2,0,0,0,0,0,6,7
Scott Perunovich,STL,D,54,0,17,17,1,12,36,0,0,6,0,0,29,53
Ilya Lyubushkin,DAL,D,74,0,8,8,-11,57,47,0,0,0,0,0,175,168
Ruslan Iskhakov,NYI,RW,1,0,1,1,0,0,2,0,0,1,0,0,0,0
Mackenzie MacEachern,STL,LW,8,0,1,1,-1,0,4,0,0,0,0,0,10,2
Rasmus Kupari,WPG,C,28,0,1,1,-5,4,28,0,0,0,0,0,24,10
Grigori Denisenko,VGK,LW,6,0,0,0,-3,2,5,0,0,0,0,0,14,2
Benoit-Olivier Groulx,NYR,C,45,0,2,2,-9,22,32,0,0,0,0,0,101,30
Alex Steeves,TOR,LW,1,0,0,0,-1,0,1,0,0,0,0,0,6,0
Brennan Othmann,NYR,LW,3,0,0,0,0,0,6,0,0,0,0,0,6,1
Oskar Olausson,COL,LW,1,0,0,0,0,0,2,0,0,0,0,0,2,2
Scott Morrow,CAR,D,2,0,0,0,-3,0,6,0,0,0,0,0,1,2
Mackie Samoskevich,FLA,C,7,0,0,0,-3,0,11,0,0,0,0,0,5,3
Zach Dean,STL,C,9,0,0,0,-4,6,10,0,0,0,0,0,10,5
Isak Rosen,BUF,LW,7,0,0,0,-3,0,8,0,0,0,0,0,0,2
Logan Mailloux,MTL,D,1,0,1,1,1,0,2,0,0,0,0,0,1,1
Jackson Blake,CAR,RW,1,0,0,0,-2,0,2,0,0,0,0,0,0,0
Ethan Del Mastro,CHI,D,2,0,0,0,0,0,0,0,0,0,0,0,2,0
Lukas Rousek,BUF,LW,15,0,2,2,-1,0,4,0,0,0,0,0,5,7
Jacob Peterson,FA,LW,6,0,0,0,-3,2,3,0,0,0,0,0,6,5
Adam Raska,MIN,LW,5,0,0,0,0,0,0,0,0,0,0,0,12,1
Santeri Hatakka,NJD,D,12,0,2,2,5,4,12,0,0,0,0,0,14,12
Callahan Burke,VGK,C,1,0,0,0,0,0,0,0,0,0,0,0,3,0
Arshdeep Bains,VAN,LW,8,0,0,0,-5,6,4,0,0,0,0,0,7,2
Declan Carlile,TBL,D,1,0,0,0,1,0,0,0,0,0,0,0,1,2
Brandon Scanlin,NYR,D,1,0,0,0,0,0,0,0,0,0,0,0,1,0
Brian Halonen,NJD,LW,2,0,0,0,0,0,2,0,0,0,0,0,2,0
Lucas Condotta,MTL,LW,3,0,0,0,1,0,2,0,0,0,0,0,5,1
Zack Ostapchuk,OTT,C,7,0,0,0,-1,0,5,0,0,0,0,0,13,6
Vincent Iorio,WSH,D,6,0,0,0,1,0,6,0,0,0,0,0,3,3
Louis Crevier,CHI,D,24,0,3,3,-16,4,18,0,0,0,0,0,30,50
Ryan Winterton,SEA,C,9,0,0,0,-1,0,10,0,0,0,0,0,10,4
Cutter Gauthier,ANA,LW,1,0,1,1,1,0,3,0,0,0,0,0,0,0
Matthew Savoie,EDM,C,1,0,0,0,0,0,0,0,0,0,0,0,0,0
Filip Roos,OTT,D,4,0,0,0,-4,0,2,0,0,0,0,0,8,2
Pavol Regenda,ANA,LW,5,0,0,0,-1,2,7,0,0,0,0,0,11,5
Georgi Merkulov,BOS,LW,4,0,0,0,1,0,3,0,0,0,0,0,2,4
Milos Kelemen,UTA,LW,10,0,1,1,-2,0,5,0,0,0,0,0,20,3
Mikael Pyyhtia,CBJ,LW,17,0,2,2,-5,0,22,0,0,0,0,0,9,20
Jack Thompson,SJS,D,3,0,0,0,-2,0,4,0,0,0,0,0,4,3
Philip Kemp,EDM,D,1,0,0,0,0,0,0,0,0,0,0,0,0,0
Gage Goncalves,TBL,C,2,0,0,0,0,6,0,0,0,0,0,0,2,0
Wyatt Kaiser,CHI,D,32,0,7,7,0,22,18,0,0,0,0,0,22,46
Cole Koepke,BOS,LW,9,0,2,2,0,0,9,0,0,0,0,0,23,1
Tyler Angle,FA,LW,2,0,0,0,-1,0,0,0,0,0,0,0,5,1
Isaak Phillips,CHI,D,33,0,6,6,-26,22,31,0,0,0,0,0,56,36
Maxence Guenette,OTT,D,7,0,0,0,-1,2,6,0,0,0,0,0,6,6
Ilya Solovyov,CGY,D,10,0,3,3,-3,4,10,0,0,0,0,1,14,17
Justin Sourdif,FLA,C,3,0,0,0,0,0,2,0,0,0,0,0,5,2
Emil Heineman,MTL,LW,4,0,0,0,2,0,0,0,0,0,0,0,6,1
Roby Jarventie,EDM,LW,7,0,1,1,-5,4,5,0,0,0,0,0,5,6
Yan Kuznetsov,CGY,D,1,0,0,0,-1,0,2,0,0,0,0,0,0,1
Daemon Hunt,CBJ,D,12,0,1,1,-1,0,7,0,0,0,0,0,8,17
Emil Andrae,PHI,D,4,0,0,0,-1,0,0,0,0,0,0,0,5,6
Shakir Mukhamadullin,SJS,D,3,0,1,1,0,4,5,0,0,1,0,0,5,11
Tyler Kleven,OTT,D,9,0,1,1,-1,2,7,0,0,0,0,0,8,9
Lukas Cormier,VGK,D,2,0,1,1,1,0,3,0,0,1,0,0,1,2
Cole Schwindt,VGK,RW,4,0,0,0,-1,2,1,0,0,0,0,0,5,1
Nikolai Knyzhov,FA,D,10,0,1,1,-6,6,6,0,0,0,0,0,13,17
Connor Mackey,NYR,D,1,0,0,0,1,5,1,0,0,0,0,0,1,3
Mavrik Bourque,DAL,C,1,0,0,0,0,0,2,0,0,0,0,0,1,0
Jake Christiansen,CBJ,D,12,0,2,2,-5,2,7,0,0,0,0,0,10,15